Weather and Climate Billion-Dollar Disasters to affect the U.S. from 1980-2024,,,,,,,,,
Cost values are in millions of dollars,,,,,,,,,
Name,Disaster,Begin Date,End Date,CPI-Adjusted Cost,Unadjusted Cost,Deaths,,,
Southern Severe Storms and Flooding (April 1980),Flooding,1980-04-10,1980-04-17,2749.4,706.8,7,,,
Hurricane Allen (August 1980),Tropical Cyclone,1980-08-07,1980-08-11,2236.2,590,13,,Begin Date,End Date
Central/Eastern Drought/Heat Wave (Summer-Fall 1980),Drought,1980-06-01,1980-11-30,40681.2,10020,1260,,19800410,19800417
Florida Freeze (January 1981),Freeze,1981-01-12,1981-01-14,2076.4,572,0,,19800807,19800811
"Severe Storms, Flash Floods, Hail, Tornadoes (May 1981)",Severe Storm,1981-05-05,1981-05-10,1409.1,401.4,20,,19800601,19801130
"Midwest/Southeast/Northeast Winter Storm, Cold Wave (January 1982)",Winter Storm,1982-01-08,1982-01-16,2217.8,662,85,,19810112,19810114
Midwest/Plains/Southeast Tornadoes (April 1982),Severe Storm,1982-04-02,1982-04-04,1604,483.2,33,,19810505,19810510
Severe Storms (June 1982),Severe Storm,1982-05-31,1982-06-10,1579,479.9,30,,19820108,19820116
Gulf States Storms and Flooding (December 1982-January 1983),Flooding,1982-12-01,1983-01-15,4946.2,1536.1,45,,19820402,19820404
Western Storms and Flooding (December 1982-March 1983),Flooding,1982-12-13,1983-03-31,4828.7,1499.6,50,,19820531,19820610
Hurricane Alicia (August 1983),Tropical Cyclone,1983-08-17,1983-08-20,9450,3000,21,,19821201,19830115
Southeast Drought (Summer 1983),Drought,1983-06-01,1983-08-31,9574,2964.1,0,,19821213,19830331
Arizona Flooding (October 1983),Flooding,1983-09-29,1983-10-03,1252,400,14,,19830817,19830820
Freeze/Cold Wave (December 1983),Freeze,1983-12-15,1983-12-25,6479.5,2005.8,151,,19830601,19830831
"Tornadoes, Severe Storms, Floods (Spring 1984)",Severe Storm,1984-03-27,1984-04-07,1851.6,603.1,80,,19830929,19831003
Severe Storms and Hail (June 1984),Severe Storm,1984-06-13,1984-06-17,1356.4,446.2,1,,19831215,19831225
Florida Freeze (January 1985),Freeze,1985-01-20,1985-01-22,3588,1200,0,,19840327,19840407
"Winter Storm, Cold Wave (January 1985)",Winter Storm,1985-01-19,1985-01-22,2502.4,836.9,150,,19840613,19840617
Ohio and Pennsylvania Tornado Outbreak (June 1985),Severe Storm,1985-05-31,1985-05-31,1758.1,600,89,,19850120,19850122
Hurricane Elena (September 1985),Tropical Cyclone,1985-08-30,1985-09-03,3788.4,1297.4,4,,19850119,19850122
Hurricane Gloria (September 1985),Tropical Cyclone,1985-09-26,1985-09-28,2491.3,856.1,11,,19850531,19850531
Hurricane Juan (October 1985),Tropical Cyclone,1985-10-27,1985-10-31,4340.4,1496.7,63,,19850830,19850903
"Virginia, West Virginia, Pennsylvania and Maryland Flooding (November 1985)",Flooding,1985-11-03,1985-11-08,4046,1400,62,,19850926,19850928
Western Severe Storms and Flooding (February 1986),Severe Storm,1986-02-14,1986-02-16,1531.1,529.8,13,,19851027,19851031
Southeast Drought/Heat Wave (Summer 1986),Drought,1986-06-01,1986-08-31,5194.5,1803.6,100,,19851103,19851108
Michigan Flooding (September 1986),Flooding,1986-09-10,1986-09-12,1144,400,10,,19860214,19860216
U.S. Drought/Heat Wave (Summer 1988),Drought,1988-06-01,1988-08-31,54610.4,20003.8,454,,19860601,19860831
Southern Derecho and Severe Storms (May 1989),Severe Storm,1989-05-01,1989-05-06,1406.3,551.5,21,,19860910,19860912
Tropical Storm Allison (June 1989),Tropical Cyclone,1989-06-26,1989-06-28,1485.9,585,11,,19880601,19880831
Hurricane Hugo (September 1989),Tropical Cyclone,1989-09-21,1989-09-22,22679.7,8999.9,86,,19890501,19890506
Northern Plains Drought (Summer-Fall 1989),Drought,1989-06-01,1989-11-30,7838.3,3003.2,0,,19890626,19890628
Florida Freeze (December 1989),Freeze,1989-12-23,1989-12-25,5220,2000,10,,19890921,19890922
"Winter Storm, Cold Wave (December 1989)",Winter Storm,1989-12-21,1989-12-26,1700.4,680,100,,19890601,19891130
Southern Flooding (May 1990),Flooding,1990-05-11,1990-05-19,2456.9,1006.9,13,,19891223,19891225
Colorado Hail Storm (July 1990),Severe Storm,1990-07-11,1990-07-11,1984.5,820.1,0,,19891221,19891226
Western Fire Season (Summer 1990),Wildfire,1990-06-01,1990-08-31,1716,715,17,,19900511,19900519
California Freeze (December 1990),Freeze,1990-12-18,1990-12-25,8432,3400,0,,19900711,19900711
"Severe Storms, Tornadoes (March 1991)",Severe Storm,1991-03-26,1991-03-29,1509.4,645,0,,19900601,19900831
Hurricane Bob (August 1991),Tropical Cyclone,1991-08-18,1991-08-20,3471.8,1502.9,18,,19901218,19901225
U.S. Drought (Spring-Summer 1991),Drought,1991-03-01,1991-08-31,7039.8,3008.5,0,,19910326,19910329
Oakland Firestorm (October 1991),Wildfire,1991-10-01,1991-10-31,7590,3300,25,,19910818,19910820
Severe Storms (March 1992),Severe Storm,1992-03-24,1992-03-25,1817.9,804.3,0,,19910301,19910831
"Hail, Tornadoes (April 1992)",Severe Storm,1992-04-28,1992-04-29,2157,954.4,0,,19911001,19911031
"Severe Storms, Hail (June 1992)",Severe Storm,1992-06-19,1992-06-20,1683.1,748,0,,19920324,19920325
Hurricane Andrew (August 1992),Tropical Cyclone,1992-08-23,1992-08-27,60480,27000,61,,19920428,19920429
Hurricane Iniki (September 1992),Tropical Cyclone,1992-09-11,1992-09-12,6913,3100,7,,19920619,19920620
Southeast Severe Weather (November 1992),Severe Storm,1992-11-21,1992-11-23,1458.5,657,26,,19920823,19920827
Northeast Winter Storm (December 1992),Winter Storm,1992-12-10,1992-12-13,5512.4,2483,19,,19920911,19920912
East Coast Blizzard and Severe Weather (March 1993),Winter Storm,1993-03-11,1993-03-14,12159.4,5527,270,,19921121,19921123
Northern Plains and Ohio Valley Severe Weather (July 1993),Severe Storm,1993-07-08,1993-07-10,1403.9,644,1,,19921210,19921213
Midwest Flooding (Summer 1993),Flooding,1993-06-27,1993-08-15,46323.6,20960.9,48,,19930311,19930314
Southeast Drought and Heat Wave (Summer 1993),Drought,1993-06-01,1993-08-31,2780.2,1258,16,,19930708,19930710
California Wildfires (Fall 1993),Wildfire,1993-09-01,1993-11-30,2976.2,1371.5,4,,19930627,19930815
"Winter Storm, Cold Wave (January 1994)",Winter Storm,1994-01-17,1994-01-20,2246.3,1040,70,,19930601,19930831
Southeast Ice Storm (February 1994),Winter Storm,1994-02-08,1994-02-13,6444.9,2997.5,9,,19930901,19931130
Midwest/Plains Tornadoes (April 1994),Severe Storm,1994-04-25,1994-04-27,2108.4,985.1,3,,19940117,19940120
Tropical Storm Alberto (July 1994),Tropical Cyclone,1994-07-07,1994-07-10,2126.8,998.5,32,,19940208,19940213
Texas Flooding (October 1994),Flooding,1994-10-16,1994-10-25,2110,1000,19,,19940425,19940427
Western Fire Season (Summer-Fall 1994),Wildfire,1994-06-01,1994-11-30,1544.4,725,0,,19940707,19940710
California Flooding (January-March 1995),Flooding,1995-01-01,1995-03-31,5250,2500,27,,19941016,19941025
Texas Hail Storm (April 1995),Severe Storm,1995-04-28,1995-04-28,1196,575,0,,19940601,19941130
South Plains Severe Weather (May 1995),Severe Storm,1995-05-05,1995-05-07,11357,5486.5,32,,19950101,19950331
Hurricane Erin (August 1995),Tropical Cyclone,1995-08-01,1995-08-07,1751,850,6,,19950428,19950428
Hurricane Marilyn (September 1995),Tropical Cyclone,1995-09-15,1995-09-17,4326,2100,13,,19950505,19950507
"Central, Southern and Northeast Drought/Heat Wave (September 1995)",Drought,1995-07-01,1995-09-30,2027,984,872,,19950801,19950807
Hurricane Opal (October 1995),Tropical Cyclone,1995-10-04,1995-10-06,9612.5,4689,27,,19950915,19950917
Blizzard/Floods (January 1996),Winter Storm,1996-01-01,1996-01-31,6126.2,3003,187,,19950701,19950930
Pacific Northwest Severe Flooding (February 1996),Flooding,1996-02-07,1996-02-12,2056.9,1008.3,9,,19951004,19951006
Southern Plains Drought (Spring-Summer 1996),Drought,1996-03-01,1996-08-31,3654.5,1791.5,0,,19960101,19960131
Hurricane Fran (September 1996),Tropical Cyclone,1996-09-05,1996-09-08,10014,5007,37,,19960207,19960212
New England Flooding (October 1996),Flooding,1996-10-19,1996-10-22,1352,676,1,,19960301,19960831
West Coast Flooding (December 1996-January 1997),Flooding,1997-01-01,1997-01-11,5973.6,3017,36,,19960905,19960908
Mississippi and Ohio Valley Severe Weather and Flooding (March 1997),Severe Storm,1997-02-28,1997-03-05,1935.5,977.5,67,,19961019,19961022
Northern Plains Flooding (Spring 1997),Flooding,1997-02-03,1997-05-24,7279.5,3676.5,11,,19970101,19970111
Northeast Ice Storm (January 1998),Winter Storm,1998-01-05,1998-01-09,2733.5,1401.8,16,,19970228,19970305
Western/Eastern Severe Weather and Flooding (Winter-Spring 1998),Severe Storm,1997-12-01,1998-02-28,1968.7,1004.5,132,,19970203,19970524
Minnesota Severe Storms/Hail (May 1998),Severe Storm,1998-05-15,1998-05-15,3164.6,1631.3,1,,19980105,19980109
"Northern Plains and Great Lakes Derecho, Tornadoes (June 1998)",Severe Storm,1998-05-30,1998-06-02,2208.3,1138.4,20,,19971201,19980228
Central and Eastern Severe Storms and Flooding (June 1998),Severe Storm,1998-06-20,1998-06-24,1734.5,894,12,,19980515,19980515
Tropical Storm Frances (September 1998),Tropical Cyclone,1998-08-08,1998-08-13,1351,700,2,,19980530,19980602
Hurricane Bonnie (August 1998),Tropical Cyclone,1998-08-27,1998-08-29,1891.4,980,3,,19980620,19980624
Southern Drought and Heat Wave (Summer 1998),Drought,1998-06-01,1998-08-31,6879.7,3528,200,,19980808,19980813
Hurricane Georges (September 1998),Tropical Cyclone,1998-09-20,1998-09-29,11550.1,5984.5,16,,19980827,19980829
Texas Flooding (October 1998),Flooding,1998-10-16,1998-10-24,1808.8,942.1,31,,19980601,19980831
California Freeze (December 1998),Freeze,1998-12-20,1998-12-28,4875,2500,0,,19980920,19980929
Central and Eastern Winter Storm (January 1999),Winter Storm,1999-01-01,1999-01-04,1982.3,1032.5,25,,19981016,19981024
Central and Eastern Winter Storm (Mid-January 1999),Winter Storm,1999-01-13,1999-01-16,1693.4,882,0,,19981220,19981228
Oklahoma and Kansas Tornadoes (May 1999),Severe Storm,1999-05-03,1999-05-06,3823.3,2012.1,55,,19990101,19990104
Eastern Drought/Heat Wave (Summer 1999),Drought,1999-06-01,1999-08-31,4797.8,2498.9,502,,19990113,19990116
Hurricane Floyd (September 1999),Tropical Cyclone,1999-09-14,1999-09-16,12203.2,6491,77,,19990503,19990506
Southeast Winter Storm (January 2000),Winter Storm,2000-01-21,2000-01-24,1320.3,706,4,,19990601,19990831
Southern Severe Weather (March 2000),Severe Storm,2000-03-28,2000-03-29,1269.6,690,0,,19990914,19990916
Western Fire Season (Spring-Summer 2000),Wildfire,2000-03-01,2000-08-31,1978,1075,0,,20000121,20000124
South Florida Flooding (October 2000),Flooding,2000-10-03,2000-10-04,1629,900,3,,20000328,20000329
Western/Central/Southeast Drought/Heat Wave (Spring-Fall 2000),Drought,2000-03-01,2000-11-30,9344.8,4997.2,140,,20000301,20000831
Midwest/Ohio Valley Hail and Tornadoes (April 2001),Severe Storm,2001-04-06,2001-04-11,5508.7,3094.8,3,,20001003,20001004
North Central Severe Weather (May 2001),Severe Storm,2001-04-30,2001-05-01,1194.3,671,0,,20000301,20001130
Tropical Storm Allison (June 2001),Tropical Cyclone,2001-06-05,2001-06-17,15084,8522,43,,20010406,20010411
Severe Storms and Tornadoes (April 2002),Severe Storm,2002-04-27,2002-04-28,3663.9,2093.8,7,,20010430,20010501
Hurricane Lili (October 2002),Tropical Cyclone,2002-08-01,2002-08-05,1932.9,1104.5,2,,20010605,20010617
Tropical Storm Isidore (September 2002),Tropical Cyclone,2002-09-25,2002-09-27,2001,1150,5,,20020427,20020428
Eastern Tornadoes and Severe Storms (November 2002),Severe Storm,2002-11-09,2002-11-11,1252.8,720,28,,20020801,20020805
Western Fire Season (Fall 2002),Wildfire,2002-09-01,2002-11-30,2301.8,1322.8,21,,20020925,20020927
U.S. Drought (Spring-Fall 2002),Drought,2002-03-01,2002-11-30,16031.6,9006.4,0,,20021109,20021111
Severe Storms/Hail (April 2003),Severe Storm,2003-04-04,2003-04-07,3451,2006.3,3,,20020901,20021130
Severe Storms/Tornadoes (May 2003),Severe Storm,2003-05-03,2003-05-10,7100.9,4128.4,51,,20020301,20021130
Midwest/Plains Severe Weather (July 2003),Severe Storm,2003-07-04,2003-07-09,1476,858.1,7,,20030404,20030407
Southern Derecho and Eastern Severe Weather (July 2003),Severe Storm,2003-07-21,2003-07-23,1734.2,1008.2,7,,20030503,20030510
Hurricane Isabel (September 2003),Tropical Cyclone,2003-09-18,2003-09-19,9322.9,5484,55,,20030704,20030709
California Wildfires (Fall 2003),Wildfire,2003-09-01,2003-11-30,6613.7,3890.4,22,,20030721,20030723
Western/Central Drought/Heat Wave (Spring-Fall 2003),Drought,2003-03-01,2003-11-30,8731.1,5017.7,35,,20030918,20030919
"Severe Storms, Hail, Tornadoes (May 2004)",Severe Storm,2004-05-21,2004-05-27,1693.3,1013.9,4,,20030901,20031130
Colorado Hail Storms (June 2004),Severe Storm,2004-06-08,2004-06-09,1153.7,695,0,,20030301,20031130
Hurricane Charley (August 2004),Tropical Cyclone,2004-08-13,2004-08-14,26559.2,15999.5,35,,20040521,20040527
Hurricane Frances (September 2004),Tropical Cyclone,2004-09-03,2004-09-09,16268,9800,48,,20040608,20040609
Hurricane Ivan (September 2004),Tropical Cyclone,2004-09-12,2004-09-21,34031,20500.5,57,,20040813,20040814
Hurricane Jeanne (September 2004),Tropical Cyclone,2004-09-15,2004-09-29,12444.5,7496.5,28,,20040903,20040909
Southeast Severe Weather (March 2005),Severe Storm,2005-03-24,2005-03-27,1410,865,0,,20040912,20040921
Hurricane Dennis (July 2005),Tropical Cyclone,2005-07-09,2005-07-11,4017,2495,15,,20040915,20040929
Hurricane Katrina (August 2005),Tropical Cyclone,2005-08-25,2005-08-30,201297.5,125029.5,1833,,20050324,20050327
Midwest Drought (Spring-Summer 2005),Drought,2005-03-01,2005-08-31,2433.6,1474.8,0,,20050709,20050711
Hurricane Rita (September 2005),Tropical Cyclone,2005-09-20,2005-09-24,29415.2,18500.1,119,,20050825,20050830
Hurricane Wilma (October 2005),Tropical Cyclone,2005-10-24,2005-10-24,30020,19000,35,,20050301,20050831
Severe Storms and Tornadoes (March 2006),Severe Storm,2006-03-08,2006-03-13,2113.3,1337.5,10,,20050920,20050924
"Midwest/Southeast Tornadoes (April 6-8, 2006)",Severe Storm,2006-04-06,2006-04-08,2518.2,1603.8,10,,20051024,20051024
Midwest Tornadoes (April 2006),Severe Storm,2006-04-13,2006-04-16,3804.9,2423.5,27,,20060308,20060313
Northeast Flooding (June 2006),Flooding,2006-06-25,2006-06-28,2358.5,1521.6,20,,20060406,20060408
North Central Severe Weather and Tornadoes (August 2006),Severe Storm,2006-08-23,2006-08-24,1176.6,759,1,,20060413,20060416
Midwest/Plains/Southeast Drought (Spring-Summer 2006),Drought,2006-03-01,2006-08-31,9536.7,5997.9,0,,20060625,20060628
Central Severe Weather (October 2006),Severe Storm,2006-10-02,2006-10-05,1371.3,879,1,,20060823,20060824
Numerous Wildfires (2006),Wildfire,2006-01-01,2006-12-31,2332.8,1467.1,28,,20060301,20060831
California Freeze (January 2007),Freeze,2007-01-11,2007-01-17,2184,1400,1,,20061002,20061005
Spring Freeze (April 2007),Freeze,2007-04-04,2007-04-10,3188.5,2044,0,,20060101,20061231
East/South Severe Weather and Flooding (April 2007),Severe Storm,2007-04-13,2007-04-17,3836.9,2507.8,9,,20070111,20070117
Western Wildfires (Summer 2007),Wildfire,2007-06-01,2007-08-31,4139.4,2741.3,12,,20070404,20070410
Western/Eastern Drought/Heat Wave (Summer-Fall 2007),Drought,2007-06-01,2007-11-30,5519.7,3538.3,15,,20070413,20070417
"Western, Central and Northeast Severe Weather (January 2008)",Severe Storm,2008-01-04,2008-01-09,1463.3,982,12,,20070601,20070831
Southeast Tornadoes and Severe Weather (February 2008),Severe Storm,2008-02-05,2008-02-06,1805.3,1211.6,57,,20070601,20071130
Southeast Tornadoes (March 2008),Severe Storm,2008-03-14,2008-03-15,1673.9,1131,5,,20080104,20080109
Southern Severe Weather (April 2008),Severe Storm,2008-04-09,2008-04-11,1528.3,1039.6,2,,20080205,20080206
Midwest Tornadoes and Severe Weather (May 2008),Severe Storm,2008-05-22,2008-05-27,4423.1,3029.5,13,,20080314,20080315
Midwest/Mid-Atlantic Severe Weather (June 2008),Severe Storm,2008-06-06,2008-06-12,2355.7,1635.9,18,,20080409,20080411
Midwest Flooding (Summer 2008),Flooding,2008-04-01,2008-06-30,14838,9958.4,24,,20080522,20080527
Hurricane Dolly (July 2008),Tropical Cyclone,2008-07-23,2008-07-25,1812.2,1267.3,3,,20080606,20080612
Hurricane Gustav (September 2008),Tropical Cyclone,2008-08-31,2008-09-03,8635.7,5997,53,,20080401,20080630
Hurricane Ike (September 2008),Tropical Cyclone,2008-09-12,2008-09-14,43198.4,29998.8,112,,20080723,20080725
U.S. Wildfires (Fall 2008),Wildfire,2008-09-01,2008-11-30,1777,1234,16,,20080831,20080903
U.S. Drought (2008),Drought,2008-01-01,2008-12-31,10444.7,7009.8,0,,20080912,20080914
Southeast/Ohio Valley Severe Weather (February 2009),Severe Storm,2009-02-10,2009-02-11,2592.9,1740.2,10,,20080901,20081130
Midwest/Southeast Tornadoes (March 2009),Severe Storm,2009-03-25,2009-03-28,2427.9,1640.5,0,,20080101,20081231
South/Southeast Severe Weather and Tornadoes (April 2009),Severe Storm,2009-04-09,2009-04-10,2116.4,1430.1,6,,20090210,20090211
Central Derecho and Tornadoes (May 2009),Severe Storm,2009-05-07,2009-05-09,1274.2,861,7,,20090325,20090328
"Midwest, South and East Severe Weather (June 2009)",Severe Storm,2009-06-09,2009-06-12,1939,1328.1,0,,20090409,20090410
Colorado Hail Storm (July 2009),Severe Storm,2009-07-20,2009-07-20,1470,1000,0,,20090507,20090509
Georgia Flooding (September 2009),Flooding,2009-09-19,2009-09-22,1311.8,898.5,10,,20090609,20090612
Western Wildfires (Summer-Fall 2009),Wildfire,2009-06-01,2009-11-30,1477.4,1011.9,10,,20090720,20090720
Southwest/Great Plains Drought (2009),Drought,2009-01-01,2009-12-31,5203.2,3492,0,,20090919,20090922
Northeast Winter Storm (February 2010),Winter Storm,2010-02-09,2010-02-11,1192.8,817,3,,20090601,20091130
Northeast Flooding (March 2010),Flooding,2010-03-01,2010-03-31,2692.6,1844.2,11,,20090101,20091231
East/South Flooding and Severe Weather (May 2010),Flooding,2010-04-30,2010-05-02,3308.8,2266.3,32,,20100209,20100211
"Oklahoma, Kansas, and Texas Tornadoes and Severe Weather (May 2010)",Severe Storm,2010-05-10,2010-05-12,4834,3333.8,3,,20100301,20100331
Rockies/Central/East Severe Weather (June 2010),Severe Storm,2010-06-10,2010-06-15,1306.7,901,2,,20100430,20100502
Midwest/Northeast Severe Storms and Flooding (July 2010),Severe Storm,2010-07-20,2010-07-23,1375.1,948.3,0,,20100510,20100512
Arizona Severe Weather (October 2010),Severe Storm,2010-10-05,2010-10-06,5472,3800,0,,20100610,20100615
Groundhog Day Blizzard (February 2011),Winter Storm,2011-02-01,2011-02-03,2565.7,1794.2,36,,20100720,20100723
Midwest/Southeast Tornadoes and Derecho (April 2011),Severe Storm,2011-04-04,2011-04-05,3885.3,2775.2,9,,20101005,20101006
Southeast/Midwest Tornadoes (April 2011),Severe Storm,2011-04-08,2011-04-11,3051,2179.3,0,,20110201,20110203
Midwest/Southeast Tornadoes (April 2011),Severe Storm,2011-04-14,2011-04-16,2882.9,2059.2,38,,20110404,20110405
Ohio Valley Derecho and Southern Tornadoes (April 2011),Severe Storm,2011-04-19,2011-04-20,1452.8,1037.5,0,,20110408,20110411
Southeast/Ohio Valley/Midwest Tornadoes (April 2011),Severe Storm,2011-04-25,2011-04-28,14310.7,10222,321,,20110414,20110416
Midwest/Southeast Tornadoes (May 2011),Severe Storm,2011-05-22,2011-05-27,12735.6,9096.8,177,,20110419,20110420
Mississippi River flooding (April-May 2011),Flooding,2011-04-01,2011-05-31,4270.1,2986,7,,20110425,20110428
Midwest/Southeast Tornadoes and Severe Weather (June 2011),Severe Storm,2011-06-18,2011-06-22,2152.3,1537.3,3,,20110522,20110527
Missouri River flooding (May-June 2011),Flooding,2011-05-01,2011-06-30,2863.3,2002.3,5,,20110401,20110531
"North Central Severe Weather (July 1, 2011)",Severe Storm,2011-07-01,2011-07-01,1243.2,888,0,,20110618,20110622
"Rockies and Midwest Derecho (July 10-11, 2011)",Severe Storm,2011-07-10,2011-07-11,1729.1,1235,2,,20110501,20110630
"Midwest/Southeast Severe Weather (August 17-18, 2011)",Severe Storm,2011-08-17,2011-08-18,1600.4,1151.4,0,,20110701,20110701
Hurricane Irene (August 2011),Tropical Cyclone,2011-08-26,2011-08-28,18756.7,13494,45,,20110710,20110711
Southern Plains/Southwest Drought and Heat Wave (Spring-Summer 2011),Drought,2011-03-01,2011-08-31,17109.5,11964.8,95,,20110817,20110818
Tropical Storm Lee (September 2011),Tropical Cyclone,2011-09-01,2011-09-05,3492.4,2512.5,21,,20110826,20110828
Northeastern Winter Storm (October 2011),Winter Storm,2011-10-29,2011-10-30,1285.8,925,1,,20110301,20110831
"Texas, New Mexico, Arizona Wildfires (Summer-Fall 2011)",Wildfire,2011-06-01,2011-11-30,2549.1,1820.8,5,,20110901,20110905
Southeast/Ohio Valley Tornadoes (March 2012),Severe Storm,2012-03-02,2012-03-03,4317.9,3128.8,42,,20111029,20111030
Texas Tornadoes (April 2012),Severe Storm,2012-04-02,2012-04-03,1390.9,1015.3,0,,20110601,20111130
Midwest Tornadoes (April 2012),Severe Storm,2012-04-13,2012-04-14,1539.4,1123.6,6,,20120302,20120303
Midwest/Ohio Valley Severe Weather (April-May 2012),Severe Storm,2012-04-28,2012-05-01,4488.6,3276.3,1,,20120402,20120403
Southern Plains/Midwest/Northeast Severe Weather (May 2012),Severe Storm,2012-05-25,2012-05-30,3156.1,2303.7,1,,20120413,20120414
Rockies/Southwest Severe Weather (June 2012),Severe Storm,2012-06-06,2012-06-12,3559,2597.8,0,,20120428,20120501
Plains/East/Northeast Derecho (June-July 2012),Severe Storm,2012-06-29,2012-07-02,3957,2888.4,28,,20120525,20120530
Hurricane Isaac (August 2012),Tropical Cyclone,2012-08-26,2012-08-31,3786.1,2763.5,9,,20120606,20120612
Hurricane Sandy (October 2012),Tropical Cyclone,2012-10-30,2012-10-31,88453.9,65039.6,159,,20120629,20120702
Western Wildfires (Summer-Fall 2012),Wildfire,2012-06-01,2012-11-30,2381.7,1738.5,8,,20120826,20120831
U.S. Drought/Heat Wave (2012),Drought,2012-01-01,2012-12-31,41705.2,30003.6,123,,20121030,20121031
Southern Severe Weather (February 2013),Severe Storm,2013-02-24,2013-02-25,1253.9,922,1,,20120601,20121130
Southeast Severe Weather (March 2013),Severe Storm,2013-03-18,2013-03-18,2747.2,2020,1,,20120101,20121231
Midwest/Plains Severe Weather (April 2013),Severe Storm,2013-04-07,2013-04-11,1963.8,1444,1,,20130224,20130225
Illinois Flooding and Severe Weather (April 2013),Flooding,2013-04-16,2013-04-19,1464.7,1077,4,,20130318,20130318
Midwest/Plains/East Tornadoes (May 2013),Severe Storm,2013-05-18,2013-05-22,3240.5,2400.3,27,,20130407,20130411
Midwest/Plains/Northeast Tornadoes (May 2013),Severe Storm,2013-05-27,2013-05-31,2448.4,1813.5,10,,20130416,20130419
Midwest Severe Weather (August 2013),Severe Storm,2013-08-06,2013-08-07,1406.7,1041.9,0,,20130518,20130522
Colorado Flooding (September 2013),Flooding,2013-09-10,2013-09-16,2036.5,1508.5,9,,20130527,20130531
Ohio Valley Tornadoes (November 2013),Severe Storm,2013-11-17,2013-11-17,1472.2,1090.6,8,,20130806,20130807
Western/Plains Drought/Heat Wave (Spring-Fall 2013),Drought,2013-03-01,2013-11-30,14283.6,10425.9,53,,20130910,20130916
Midwest/Southeast/Northeast Winter Storm (January 2014),Winter Storm,2014-01-05,2014-01-08,2933.4,2172.7,16,,20131117,20131117
Plains Severe Weather (April 2014),Severe Storm,2014-04-02,2014-04-03,1908.1,1424,0,,20130301,20131130
Central Severe Weather (April 2014),Severe Storm,2014-04-12,2014-04-13,1221.1,918,0,,20140105,20140108
Midwest/Southeast/Northeast Tornadoes and Flooding (April 2014),Severe Storm,2014-04-27,2014-05-01,2309.2,1736.1,33,,20140402,20140403
Center Severe Weather (May 2014),Severe Storm,2014-05-10,2014-05-14,1134.5,853,0,,20140412,20140413
Rockies/Midwest/Eastern Severe Weather (May 2014),Severe Storm,2014-05-18,2014-05-23,4938.6,3713.2,0,,20140427,20140501
Rockies/Central Plains Severe Weather (June 2014),Severe Storm,2014-06-03,2014-06-05,2533.4,1919.2,2,,20140510,20140514
Michigan and Northeast Flooding (August 2014),Flooding,2014-08-11,2014-08-13,1361.9,1031.7,2,,20140518,20140523
Rockies/Plains Severe Weather (September 2014),Severe Storm,2014-09-29,2014-10-02,1862.6,1400.4,0,,20140603,20140605
Western Drought (2014),Drought,2014-01-01,2014-12-31,5334.8,3951.7,0,,20140811,20140813
"Central and Eastern Winter storm, Cold Wave (February 2015)",Winter Storm,2015-02-14,2015-02-20,3969.3,2962.1,30,,20140929,20141002
Midwest/Ohio Valley Severe Weather (April 2015),Severe Storm,2015-04-07,2015-04-09,2069,1555.6,2,,20140101,20141231
South/Southeast Severe Weather (April 2015),Severe Storm,2015-04-18,2015-04-20,1707.6,1283.9,0,,20150214,20150220
South and Southeast Severe Weather (April 2015),Severe Storm,2015-04-24,2015-04-25,1255.8,944,3,,20150407,20150409
Southern Plains Tornadoes (May 2015),Severe Storm,2015-05-06,2015-05-10,1691.9,1272.1,4,,20150418,20150420
Texas and Oklahoma Flooding and Severe Weather (May 2015),Flooding,2015-05-23,2015-05-26,3375.6,2500.4,31,,20150424,20150425
Central and Northeast Severe Weather (June 2015),Severe Storm,2015-06-21,2015-06-25,1547.1,1172,1,,20150506,20150510
South Carolina and East Coast Flooding (October 2015),Flooding,2015-10-01,2015-10-05,2657.6,1998.2,25,,20150523,20150526
Western and Alaskan Wildfires (Summer-Fall 2015),Wildfire,2015-06-01,2015-11-30,3996.9,3028,12,,20150621,20150625
Texas Tornadoes and Midwest Flooding (December 2015),Severe Storm,2015-12-26,2015-12-29,2609.3,1961.9,50,,20151001,20151005
Western Drought (2015),Drought,2015-01-01,2015-12-31,6029.3,4466,0,,20150601,20151130
Southeast and Eastern Tornadoes (February 2016),Severe Storm,2016-02-22,2016-02-24,1383.5,1040,10,,20151226,20151229
Texas and Louisiana Flooding (March 2016),Flooding,2016-03-08,2016-03-12,3052.1,2294.8,5,,20150101,20151231
Southern Severe Weather (March 2016),Severe Storm,2016-03-17,2016-03-18,1597.6,1210.3,1,,20160222,20160224
North Texas Hail Storm (March 2016),Severe Storm,2016-03-23,2016-03-24,2725.5,2064.8,0,,20160308,20160312
North/Central Texas Hail Storm (April 2016),Severe Storm,2016-04-10,2016-04-12,4618.1,3498.6,0,,20160317,20160318
Houston Flooding (April 2016),Flooding,2016-04-17,2016-04-18,3559.1,2676,8,,20160323,20160324
South/Southeast Tornadoes (April 2016),Severe Storm,2016-04-26,2016-05-02,3160.8,2394.5,6,,20160410,20160412
Plains Tornadoes and Central Severe Weather (May 2016),Severe Storm,2016-05-08,2016-05-11,2252.9,1719.6,2,,20160417,20160418
Rockies/Central Tornadoes and Severe Weather (May 2016),Severe Storm,2016-05-21,2016-05-26,1501.5,1146.3,0,,20160426,20160502
West Virginia Flooding and Ohio Valley Tornadoes (June 2016),Flooding,2016-06-22,2016-06-24,1288.5,968.8,23,,20160508,20160511
Rockies and Northeast Severe Weather (July 2016),Severe Storm,2016-07-28,2016-07-30,1920,1465.6,0,,20160521,20160526
Louisiana Flooding (August 2016),Flooding,2016-08-12,2016-08-15,13300,10000,13,,20160622,20160624
Hurricane Matthew (October 2016),Tropical Cyclone,2016-10-08,2016-10-12,13100,10000,49,,20160728,20160730
Western/Southeast Wildfires (Summer-Fall 2016),Wildfire,2016-06-01,2016-12-31,3137.5,2395,21,,20160812,20160815
West/Northeast/Southeast Drought (2016),Drought,2016-01-01,2016-12-31,4580,3443.5,0,,20161008,20161012
Southern Tornado Outbreak and Western Storms (January 2017),Severe Storm,2017-01-20,2017-01-22,1436.5,1105,24,,20160601,20161231
California Flooding (February 2017),Flooding,2017-02-08,2017-02-22,1950,1500,5,,20160101,20161231
Central/Southeast Tornado Outbreak (March 2017),Severe Storm,2017-02-28,2017-03-01,2347.8,1806,6,,20170120,20170122
Midwest Tornado Outbreak (March 2017),Severe Storm,2017-03-06,2017-03-08,2828.8,2176,2,,20170208,20170222
Southeast Freeze (March 2017),Freeze,2017-03-14,2017-03-16,1300,1000,0,,20170228,20170301
South/Southeast Severe Weather (March 2017),Severe Storm,2017-03-26,2017-03-28,3476.6,2695,0,,20170306,20170308
Southeast Severe Weather and Tornadoes (April 2017),Severe Storm,2017-04-04,2017-04-06,1259.2,976,1,,20170314,20170316
South and Southeast Severe Weather (April 2017),Severe Storm,2017-04-20,2017-04-22,1152,893,0,,20170326,20170328
Missouri and Arkansas Flooding and Central Severe Weather (May 2017),Flooding,2017-04-25,2017-05-07,2156.7,1659,20,,20170404,20170406
Colorado Hail Storm and Central Severe Weather (May 2017),Severe Storm,2017-05-08,2017-05-11,4321.5,3350,0,,20170420,20170422
North Central Severe Weather and Tornadoes (May 2017),Severe Storm,2017-05-15,2017-05-18,1214.1,941,1,,20170425,20170507
Minnesota Hail Storm and Upper Midwest Severe Weather (June 2017),Severe Storm,2017-06-09,2017-06-11,3031.5,2350,0,,20170508,20170511
Midwest Severe Weather (June 2017),Severe Storm,2017-06-12,2017-06-16,1946.7,1509,0,,20170515,20170518
Midwest Severe Weather (June 2017),Severe Storm,2017-06-27,2017-06-29,1838.3,1425,0,,20170609,20170611
Hurricane Harvey (August 2017),Tropical Cyclone,2017-08-25,2017-08-31,160000,125000,89,,20170612,20170616
Hurricane Irma (September 2017),Tropical Cyclone,2017-09-06,2017-09-12,64000,50000,97,,20170627,20170629
Hurricane Maria (September 2017),Tropical Cyclone,2017-09-19,2017-09-21,115200,90000,2981,,20170825,20170831
"Western Wildfires, California Firestorm (Summer-Fall 2017)",Wildfire,2017-06-01,2017-12-31,23226.5,18005,54,,20170906,20170912
"North Dakota, South Dakota and Montana Drought (Spring-Fall 2017)",Drought,2017-03-01,2017-12-31,3250,2500,0,,20170919,20170921
Central and Eastern Winter Storm (January 2018),Winter Storm,2018-01-03,2018-01-05,1324.6,1043,22,,20170601,20171231
Northeast Winter Storm (March 2018),Winter Storm,2018-03-01,2018-03-03,2786.4,2194,9,,20170301,20171231
Southeastern Tornadoes and Severe Weather (March 2018),Severe Storm,2018-03-18,2018-03-21,1844.1,1452,0,,20180103,20180105
Southern and Eastern Tornadoes and Severe Weather (April 2018),Severe Storm,2018-04-13,2018-04-16,1660.7,1318,3,,20180301,20180303
Central and Northeast Severe Weather (May 2018),Severe Storm,2018-05-01,2018-05-04,1751.3,1390,0,,20180318,20180321
Central and Eastern Severe Weather (May 2018),Severe Storm,2018-05-13,2018-05-15,1726.2,1370,5,,20180413,20180416
Texas Hail Storm (June 2018),Severe Storm,2018-06-06,2018-06-06,1625,1300,0,,20180501,20180504
Colorado Hail Storm (June 2018),Severe Storm,2018-06-13,2018-06-13,1193.8,955,0,,20180513,20180515
Colorado Hail Storm (June 2018),Severe Storm,2018-06-18,2018-06-19,2778.8,2223,0,,20180606,20180606
Central and Eastern Tornadoes and Severe Weather (July 2018),Severe Storm,2018-07-19,2018-07-22,1981.6,1585,0,,20180613,20180613
Mountain West Severe Weather (July 2018),Severe Storm,2018-07-26,2018-07-29,1063.8,851,0,,20180618,20180619
Rockies and Plains Hail Storms (August 2018),Severe Storm,2018-08-06,2018-08-07,1281.4,1025,0,,20180719,20180722
Hurricane Florence (September 2018),Tropical Cyclone,2018-09-13,2018-09-16,30000,24000,53,,20180726,20180729
Hurricane Michael (October 2018),Tropical Cyclone,2018-10-10,2018-10-11,31218.8,24975,49,,20180806,20180807
Southwest/Southern Plains Drought (Summer-Fall 2018),Drought,2018-06-01,2018-12-30,3797.4,2990,0,,20180913,20180916
"Western Wildfires, California Firestorm (Summer-Fall 2018)",Wildfire,2018-06-01,2018-12-31,30000,24000,106,,20181010,20181011
"Southeast, Ohio Valley and Northeast Severe Weather (February 2019)",Severe Storm,2019-02-23,2019-02-25,1547.2,1237.5,2,,20180601,20181230
Texas Hail Storm (March 2019),Severe Storm,2019-03-22,2019-03-24,1903.4,1535,0,,20180601,20181231
Missouri River and North Central Flooding (March 2019),Flooding,2019-03-14,2019-03-31,13408.9,10727,3,,20190223,20190225
Southern and Eastern Tornadoes and Severe Weather (April 2019),Severe Storm,2019-04-13,2019-04-14,1540,1252,7,,20190322,20190324
South and Southeast Severe Weather (May 2019),Severe Storm,2019-05-07,2019-05-13,1862.4,1514,0,,20190314,20190331
Central Severe Weather (May 2019),Severe Storm,2019-05-16,2019-05-18,1196.9,973,0,,20190413,20190414
"Rockies, Central and Northeast Tornadoes and Severe Weather (May 2019)",Severe Storm,2019-05-26,2019-05-29,5655.6,4598,3,,20190507,20190513
Arkansas River Flooding (June 2019),Flooding,2019-05-20,2019-06-14,3720.8,3025,5,,20190516,20190518
Colorado Hail Storms (July 2019),Severe Storm,2019-07-04,2019-07-05,1239.8,1008,0,,20190526,20190529
"Mississippi River, Midwest and Southern Flooding (July 2019)",Flooding,2019-03-15,2019-07-31,7649.6,6169,4,,20190520,20190614
Hurricane Dorian (September 2019),Tropical Cyclone,2019-08-28,2019-09-06,1980.3,1610,10,,20190704,20190705
Tropical Storm Imelda (September 2019),Tropical Cyclone,2019-09-17,2019-09-21,6150,5000,5,,20190315,20190731
Texas Tornadoes and Central Severe Weather (October 2019),Severe Storm,2019-10-20,2019-10-20,2113.1,1718,2,,20190828,20190906
California and Alaska Wildfires (Summer-Fall 2019),Wildfire,2019-06-01,2019-11-30,5535,4500,3,,20190917,20190921
Southeast Tornadoes and Northern Storms and Flooding (January 2020),Severe Storm,2020-01-10,2020-01-12,1401.8,1149,10,,20191020,20191020
"South, East and Northeast Severe Weather (February 2020)",Severe Storm,2020-02-05,2020-02-07,1532.2,1256,3,,20190601,20191130
Tennessee Tornadoes and Southeast Severe Weather (March 2020),Severe Storm,2020-03-02,2020-03-04,2850,2336,25,,20200110,20200112
Midwest and Ohio Valley Severe Weather (March 2020),Severe Storm,2020-03-27,2020-03-28,3120.9,2558,0,,20200205,20200207
North Central and Ohio Valley Hail Storms and Severe Weather (April 2020),Severe Storm,2020-04-07,2020-04-08,3543.9,2881,0,,20200302,20200304
Southeast and Eastern Tornado Outbreak (April 2020),Severe Storm,2020-04-12,2020-04-13,4236.2,3444,35,,20200327,20200328
Southern Severe Weather (April 2020),Severe Storm,2020-04-21,2020-04-23,1660.6,1350,3,,20200407,20200408
"Central, Southern and Eastern Severe Weather (April 2020)",Severe Storm,2020-04-27,2020-04-30,1263.3,1027,1,,20200412,20200413
Central and Eastern Severe Weather (May 2020),Severe Storm,2020-05-03,2020-05-05,2598.9,2113,2,,20200421,20200423
"South, Central and Eastern Severe Weather (May 2020)",Severe Storm,2020-05-20,2020-05-23,1948.6,1584,2,,20200427,20200430
South Texas Hail Storms (May 2020),Severe Storm,2020-05-27,2020-05-27,1722,1400,0,,20200503,20200505
Central Severe Weather (July 2020),Severe Storm,2020-07-10,2020-07-11,1459.1,1196,0,,20200520,20200523
Hurricane Hanna (July 2020),Tropical Cyclone,2020-07-25,2020-07-26,1300.8,1075,0,,20200527,20200527
Hurricane Isaias (August 2020),Tropical Cyclone,2020-08-03,2020-08-04,5756.1,4757,16,,20200710,20200711
Central Severe Weather - Derecho (August 2020),Severe Storm,2020-08-10,2020-08-10,13452.9,11027,4,,20200725,20200726
Hurricane Laura (August 2020),Tropical Cyclone,2020-08-27,2020-08-28,28090.3,23215,42,,20200803,20200804
Hurricane Sally (September 2020),Tropical Cyclone,2020-09-15,2020-09-17,8801.5,7274,5,,20200810,20200810
Hurricane Delta (October 2020),Tropical Cyclone,2020-10-09,2020-10-11,3469.3,2867,5,,20200827,20200828
Hurricane Zeta (October 2020),Tropical Cyclone,2020-10-28,2020-10-29,5266,4352,6,,20200915,20200917
Tropical Storm Eta (November 2020),Tropical Cyclone,2020-11-08,2020-11-12,1766.7,1460,12,,20201009,20201011
"Western Wildfires - California, Oregon, Washington Firestorms (Fall 2020)",Wildfire,2020-08-01,2020-12-30,19904.5,16450,46,,20201028,20201029
Western/Central Drought and Heat Wave (Summer-Fall 2020),Drought,2020-06-01,2020-12-30,5439.1,4495,45,,20201108,20201112
California Flooding and Severe Weather (January 2021),Flooding,2021-01-24,2021-01-29,1325,1095,2,,20200801,20201230
"Northwest, Central, Eastern Winter Storm and Cold Wave (February 2021)",Winter Storm,2021-02-10,2021-02-19,27223.2,22686,262,,20200601,20201230
Southeast Tornadoes and Severe Weather (March 2021),Severe Storm,2021-03-24,2021-03-25,1995.8,1677,6,,20210124,20210129
Eastern Severe Weather (March 2021),Severe Storm,2021-03-27,2021-03-28,1601.9,1346,8,,20210210,20210219
Texas Hail Storms (April 2021),Severe Storm,2021-04-12,2021-04-15,1755.3,1475,0,,20210324,20210325
Texas and Oklahoma Severe Weather (April 2021),Severe Storm,2021-04-27,2021-04-28,3747.4,3149,0,,20210327,20210328
Southern Tornadoes and Southeast Severe Weather (May 2021),Severe Storm,2021-05-02,2021-05-04,1479.1,1264,4,,20210412,20210415
Louisiana Flooding (May 2021),Flooding,2021-05-17,2021-05-18,1569.6,1319,5,,20210427,20210428
Ohio Valley Hail Storms (June 2021),Severe Storm,2021-06-17,2021-06-18,1980.1,1707,0,,20210502,20210504
Central Severe Storms (June 2021),Severe Storm,2021-06-24,2021-06-26,1453.6,1253,0,,20210517,20210518
Tropical Storm Elsa (July 2021),Tropical Cyclone,2021-07-07,2021-07-09,1407.1,1213,1,,20210617,20210618
Central Severe Storms (July 2021),Severe Storm,2021-07-08,2021-07-11,1252.8,1080,0,,20210624,20210626
North Central Severe Weather (August 2021),Severe Storm,2021-08-10,2021-08-13,1489.5,1284,2,,20210707,20210709
Tropical Storm Fred (August 2021),Tropical Cyclone,2021-08-16,2021-08-18,1481.3,1277,7,,20210708,20210711
Hurricane Ida (August 2021),Tropical Cyclone,2021-08-29,2021-09-01,84608.1,73572,96,,20210810,20210813
Hurricane Nicholas (September 2021),Tropical Cyclone,2021-09-14,2021-09-18,1168.5,1016,0,,20210816,20210818
"Southeast, Central Tornado Outbreak (December 2021)",Severe Storm,2021-12-10,2021-12-10,4463.1,3915,93,,20210829,20210901
Midwest Derecho and Tornado Outbreak (December 2021),Severe Storm,2021-12-15,2021-12-15,2031.5,1782,1,,20210914,20210918
Western Wildfires (2021),Wildfire,2021-06-01,2021-12-31,12064,10400,8,,20211210,20211210
Western Drought and Heat Wave (2021),Drought,2021-01-01,2021-12-31,10201.9,8431,229,,20211215,20211215
Texas Hail Storms (February 2022),Severe Storm,2022-02-21,2022-02-22,1118.9,1008,0,,20210601,20211231
Southern Tornado Outbreak (March 2022),Severe Storm,2022-03-30,2022-03-30,1381.6,1256,2,,20210101,20211231
Southeast Tornado Outbreak (April 2022),Severe Storm,2022-04-04,2022-04-06,1544.8,1417,3,,20220221,20220222
Southern Severe Weather (April 2022),Severe Storm,2022-04-11,2022-04-13,2915.7,2675,1,,20220330,20220330
Southern and Central Severe Weather (May 2022),Severe Storm,2022-05-01,2022-05-03,1230.1,1139,1,,20220404,20220406
North Central Hail Storms (May 2022),Severe Storm,2022-05-09,2022-05-09,2354.4,2160,0,,20220411,20220413
North Central Severe Weather (May 2022),Severe Storm,2022-05-11,2022-05-12,2949.6,2706,1,,20220501,20220503
North Central Hail Storms (May 2022),Severe Storm,2022-05-19,2022-05-19,2625.4,2431,0,,20220509,20220509
Central Severe Weather (June 2022),Severe Storm,2022-06-07,2022-06-08,2025.7,1911,0,,20220511,20220512
Central Derecho (June 2022),Severe Storm,2022-06-13,2022-06-13,3386.6,3195,1,,20220519,20220519
North Central and Eastern Severe Weather (July 2022),Severe Storm,2022-07-22,2022-07-24,1420.4,1340,1,,20220607,20220608
Kentucky and Missouri Flooding (July 2022),Flooding,2022-07-26,2022-07-28,1552.9,1465,42,,20220613,20220613
Hurricane Fiona (September 2022),Tropical Cyclone,2022-09-17,2022-09-18,2685.7,2510,25,,20220722,20220724
Hurricane Ian (September 2022),Tropical Cyclone,2022-09-28,2022-09-30,119626,111800,152,,20220726,20220728
Hurricane Nicole (November 2022),Tropical Cyclone,2022-11-10,2022-11-11,1081.2,1020,5,,20220917,20220918
Western Wildfires (Spring-Fall 2022),Wildfire,2022-04-01,2022-11-30,3296.6,3110,17,,20220928,20220930
Central and Eastern Winter Storm and Cold Wave (December 2022),Winter Storm,2022-12-21,2022-12-26,8951.7,8445,87,,20221110,20221111
Western/Central Drought and Heat Wave (2022),Drought,2022-01-01,2022-12-31,23480.6,20965,136,,20220401,20221130
Northeastern Winter Storm/Cold Wave (February 2023),Winter Storm,2023-02-02,2023-02-05,1838.8,1751,1,,20221221,20221226
Southern and Eastern Severe Weather (March 2023),Severe Storm,2023-03-02,2023-03-03,6170,5876,13,,20220101,20221231
California Flooding (December 2022 - March 2023),Flooding,2022-12-26,2023-03-19,4725,4500,22,,20230202,20230205
Southern and Eastern Severe Weather (April 2023),Severe Storm,2023-03-24,2023-03-26,2956,2815,23,,20230302,20230303
Central Tornado Outbreak and Eastern Severe Weather (March 2023),Severe Storm,2023-03-31,2023-04-01,5909.8,5628,33,,20221226,20230319
Central and Eastern Severe Weather (April 2023),Severe Storm,2023-04-04,2023-04-06,2956.1,2815,5,,20230324,20230326
Fort Lauderdale Flash Flood (April 2023),Flooding,2023-04-12,2023-04-13,1144,1100,0,,20230331,20230401
Central and Southern Severe Weather (April 2023),Severe Storm,2023-04-15,2023-04-15,1401.9,1335,0,,20230404,20230406
Central Severe Weather (April 2023),Severe Storm,2023-04-19,2023-04-20,3108.3,2960,1,,20230412,20230413
Southern Severe Weather (April 2023),Severe Storm,2023-04-25,2023-04-27,1372.8,1320,0,,20230415,20230415
Central Severe Weather (May 2023),Severe Storm,2023-05-06,2023-05-08,2222.5,2137,1,,20230419,20230420
Central and Eastern Tornadoes and Hail Storms (May 2023),Severe Storm,2023-05-10,2023-05-12,3563,3426,1,,20230425,20230427
Texas Hail Storms (May 2023),Severe Storm,2023-05-18,2023-05-19,1690,1625,0,,20230506,20230508
Typhoon Mawar (May 2023),Tropical Cyclone,2023-05-24,2023-05-25,4420,4250,2,,20230510,20230512
Southern Severe Weather (June 2023),Severe Storm,2023-06-11,2023-06-14,4193.2,4032,0,,20230518,20230519
Central and Southern Severe Weather (June 2023),Severe Storm,2023-06-15,2023-06-18,3918.7,3768,5,,20230524,20230525
Rockies Hail Storms and Central and Eastern Severe Weather (June 2023),Severe Storm,2023-06-21,2023-06-26,5453.9,5244,8,,20230611,20230614
Central Severe Weather (June 2023),Severe Storm,2023-06-28,2023-07-02,1976.8,1919,3,,20230615,20230618
Northeastern Flooding and North Central Severe Weather (July 2023),Flooding,2023-07-09,2023-07-15,2230.4,2165,10,,20230621,20230626
North Central and Southeastern Severe Weather (July 2023),Severe Storm,2023-07-19,2023-07-21,1887,1832,1,,20230628,20230702
North Central and Eastern Severe Weather (July 2023),Severe Storm,2023-07-28,2023-07-29,1526.6,1482,2,,20230709,20230715
Hawaii Firestorm (August 2023),Wildfire,2023-08-08,2023-08-08,5665,5500,100,,20230719,20230721
Northeastern and Eastern Severe Weather (August 2023),Severe Storm,2023-08-05,2023-08-08,1680.2,1631,4,,20230728,20230729
Minnesota Hail Storms (August 2023),Severe Storm,2023-08-11,2023-08-11,1828.3,1775,0,,20230808,20230808
Hurricane Idalia (August 2023),Tropical Cyclone,2023-08-29,2023-08-31,3559.7,3456,5,,20230805,20230808
Southern Hail Storms (September 2023),Severe Storm,2023-09-23,2023-09-24,1694.5,1645,0,,20230811,20230811
Southern/Midwestern Drought and Heatwave (Spring-Fall 2023),Drought,2023-04-01,2023-09-30,14786.7,14082,247,,20230829,20230831
East Coast Storm and Flooding (December 2023),Flooding,2023-12-16,2023-12-18,1314.4,1276,5,,20230923,20230924
Southern Tornado Outbreak and East Coast Storm (January 2024),Severe Storm,2024-01-08,2024-01-10,2780.2,2726,3,,20230401,20230930
Northwest Winter Storm (January 2024),Winter Storm,2024-01-12,2024-01-14,1723.8,1690,20,,20231216,20231218
"Central, Southern, Northeastern Winter Storm and Cold Wave (January 2024)",Winter Storm,2024-01-14,2024-01-18,1948.3,1910,41,,20240108,20240110
Southern Severe Weather (February 2024),Severe Storm,2024-02-10,2024-02-12,1072,1051,0,,20240112,20240114
Central and Eastern Severe Weather (February 2024),Severe Storm,2024-02-27,2024-02-28,1534,1504,0,,20240114,20240118
Central and Southern Severe Weather (March 2024),Severe Storm,2024-03-12,2024-03-14,6151.6,6031,3,,20240210,20240212
Central Tornado Outbreak and Eastern Severe Weather (April 2024),Severe Storm,2024-04-01,2024-04-03,2465.5,2441,3,,20240227,20240228
Southern and Eastern Severe Weather (April 2024),Severe Storm,2024-04-08,2024-04-11,2725.1,2698,0,,20240312,20240314
Central and Southern Tornado Outbreak (April 2024),Severe Storm,2024-04-26,2024-04-28,1697.8,1681,3,,20240401,20240403
"Central, Southern, Southeastern Tornado Outbreak (May 2024)",Severe Storm,2024-05-06,2024-05-09,6571,6571,3,,20240408,20240411
Southern Severe Weather (May 2024),Severe Storm,2024-05-11,2024-05-13,1124,1124,1,,20240426,20240428
Southern Derecho (May 2024),Severe Storm,2024-05-16,2024-05-17,1551,1551,8,,20240506,20240509
"Central, Southern, Eastern Severe Weather (May 2024)",Severe Storm,2024-05-18,2024-05-22,4907.8,4859,5,,20240511,20240513
Central Tornado Outbreak (May 2024),Severe Storm,2024-05-25,2024-05-26,3466.4,3432,16,,20240516,20240517
Texas Hail Storms (May 2024),Severe Storm,2024-05-27,2024-05-28,2348.3,2325,1,,20240518,20240522
Colorado Hail Storms and Southern Severe Weather (May 2024),Severe Storm,2024-05-31,2024-06-01,3012.8,2983,0,,20240525,20240526
Central and Eastern Severe Weather (June 2024),Severe Storm,2024-06-12,2024-06-14,1228,1228,0,,20240527,20240528
Upper Midwest Flooding (June 2024),Flooding,2024-06-16,2024-06-23,1113,1113,4,,20240531,20240601
Central and Northeast Severe Weather (June 2024),Severe Storm,2024-06-24,2024-06-26,1704,1704,3,,20240612,20240614
New Mexico Wildfires (June 2024),Wildfire,2024-06-17,2024-07-07,1780,1780,2,,20240616,20240623
Hurricane Beryl (July 2024),Tropical Cyclone,2024-07-08,2024-07-08,7219,7219,46,,20240624,20240626
Central and Eastern Tornado Outbreak and Severe Weather (July 2024),Severe Storm,2024-07-13,2024-07-16,2435,2435,2,,20240617,20240707
Hurricane Debby (August 2024),Tropical Cyclone,2024-08-05,2024-08-09,2476,2476,17,,20240708,20240708
Hurricane Francine (September 2024),Tropical Cyclone,2024-09-11,2024-09-12,1291,1291,0,,20240713,20240716
Hurricane Helene (September 2024),Tropical Cyclone,2024-09-24,2024-09-29,78721,78721,219,,20240805,20240809
Hurricane Milton (October 2024),Tropical Cyclone,2024-10-09,2024-10-10,34250,34250,32,,20240911,20240912
Southern/Eastern/Northwestern Drought and Heat Wave (2024),Drought,2024-01-01,2024-12-31,5417,5311,136,,20240924,20240929
,,,,,,,,20241009,20241010
,,,,,,,,20240101,20241231
